tconst	titleType	primaryTitle	originalTitle	isAdult	startYear	endYear	runtimeMinutes	genres
tt0072308	movie	The Towering Inferno	The Towering Inferno	0	1974	\N	165	"Action,Drama,Thriller"
tt0050419	movie	Funny Face	Funny Face	0	1957	\N	103	"Comedy,Musical,Romance"
tt0045537	movie	The Band Wagon	The Band Wagon	0	1953	\N	112	"Comedy,Musical,Romance"
tt0043044	movie	Three Little Words	Three Little Words	0	1950	\N	102	"Biography,Comedy,Musical"
tt0117057	movie	The Mirror Has Two Faces	The Mirror Has Two Faces	0	1996	\N	126	"Comedy,Drama,Romance"
tt0037382	movie	To Have and Have Not	To Have and Have Not	0	1944	\N	100	"Adventure,Comedy,Romance"
tt0038355	movie	The Big Sleep	The Big Sleep	0	1946	\N	114	"Crime,Film-Noir,Mystery"
tt0054452	movie	The Truth	La vérité	0	1960	\N	130	Drama
tt0059956	movie	Viva Maria!	Viva Maria!	0	1965	\N	120	"Adventure,Comedy,Romance"
tt0049189	movie	...And God Created Woman	Et Dieu... créa la femme	0	1956	\N	95	"Drama,Romance"
tt0057345	movie	Contempt	Le mépris	0	1963	\N	103	Drama
tt0078723	movie	1941	1941	0	1979	\N	118	"Action,Comedy,War"
tt0072562	tvSeries	Saturday Night Live	Saturday Night Live	0	1975	\N	90	"Comedy,Music"
tt0080455	movie	The Blues Brothers	The Blues Brothers	0	1980	\N	133	"Adventure,Comedy,Crime"
tt0077975	movie	Animal House	Animal House	0	1978	\N	109	Comedy
tt0060827	movie	Persona	Persona	0	1966	\N	85	"Drama,Thriller"
tt0050976	movie	The Seventh Seal	Det sjunde inseglet	0	1957	\N	96	"Drama,Fantasy"
tt0050986	movie	Wild Strawberries	Smultronstället	0	1957	\N	91	"Drama,Romance"
tt0083922	movie	Fanny and Alexander	Fanny och Alexander	0	1982	\N	188	Drama
tt0038109	movie	Spellbound	Spellbound	0	1945	\N	111	"Film-Noir,Mystery,Romance"
tt0077711	movie	Autumn Sonata	Höstsonaten	0	1978	\N	99	"Drama,Music"
tt0038787	movie	Notorious	Notorious	0	1946	\N	101	"Drama,Film-Noir,Romance"
tt0071877	movie	Murder on the Orient Express	Murder on the Orient Express	0	1974	\N	128	"Crime,Drama,Mystery"
tt0034583	movie	Casablanca	Casablanca	0	1942	\N	102	"Drama,Romance,War"
tt0043265	movie	The African Queen	The African Queen	0	1951	\N	105	"Adventure,Drama,Romance"
tt0033870	movie	The Maltese Falcon	The Maltese Falcon	0	1941	\N	100	"Film-Noir,Mystery"
tt0068646	movie	The Godfather	The Godfather	0	1972	\N	175	"Crime,Drama"
tt0078788	movie	Apocalypse Now	Apocalypse Now	0	1979	\N	147	"Drama,War"
tt0047296	movie	On the Waterfront	On the Waterfront	0	1954	\N	108	"Crime,Drama,Thriller"
tt0070849	movie	Last Tango in Paris	Ultimo tango a Parigi	0	1972	\N	129	"Drama,Romance"
tt0057877	movie	Becket	Becket	0	1964	\N	148	"Biography,Drama,History"
tt0061184	movie	Who's Afraid of Virginia Woolf?	Who's Afraid of Virginia Woolf?	0	1966	\N	131	Drama
tt0087803	movie	1984	Nineteen Eighty-Four	0	1984	\N	113	"Drama,Sci-Fi"
tt0059749	movie	The Spy Who Came in from the Cold	The Spy Who Came in from the Cold	0	1965	\N	112	"Drama,Thriller"
tt0031867	movie	The Roaring Twenties	The Roaring Twenties	0	1939	\N	106	"Action,Crime,Drama"
tt0035575	movie	Yankee Doodle Dandy	Yankee Doodle Dandy	0	1942	\N	126	"Biography,Drama,Musical"
tt0055256	movie	"One, Two, Three"	"One, Two, Three"	0	1961	\N	104	Comedy
tt0029870	movie	Angels with Dirty Faces	Angels with Dirty Faces	0	1938	\N	97	"Crime,Drama,Film-Noir"
tt0044706	movie	High Noon	High Noon	0	1952	\N	85	"Action,Drama,Thriller"
tt0034167	movie	Sergeant York	Sergeant York	0	1941	\N	134	"Biography,Drama,History"
tt0027996	movie	Mr. Deeds Goes to Town	Mr. Deeds Goes to Town	0	1936	\N	115	"Comedy,Drama,Romance"
tt0035211	movie	The Pride of the Yankees	The Pride of the Yankees	0	1942	\N	128	"Biography,Drama,Romance"
tt0042192	movie	All About Eve	All About Eve	0	1950	\N	138	Drama
tt0035140	movie	"Now, Voyager"	"Now, Voyager"	0	1942	\N	117	"Drama,Romance"
tt0031210	movie	Dark Victory	Dark Victory	0	1939	\N	104	"Drama,Romance"
tt0056687	movie	What Ever Happened to Baby Jane?	What Ever Happened to Baby Jane?	0	1962	\N	134	"Drama,Horror,Thriller"
tt0055100	movie	Lover Come Back	Lover Come Back	0	1961	\N	107	"Comedy,Drama,Romance"
tt0048317	movie	Love Me or Leave Me	Love Me or Leave Me	0	1955	\N	122	"Biography,Drama,Music"
tt0060463	movie	The Glass Bottom Boat	The Glass Bottom Boat	0	1966	\N	110	"Comedy,Romance"
tt0053172	movie	Pillow Talk	Pillow Talk	0	1959	\N	102	"Comedy,Romance"
tt0041452	movie	The Heiress	The Heiress	0	1949	\N	115	"Drama,Romance"
tt0029843	movie	The Adventures of Robin Hood	The Adventures of Robin Hood	0	1938	\N	102	"Action,Adventure,Romance"
tt0031381	movie	Gone with the Wind	Gone with the Wind	0	1939	\N	238	"Drama,History,Romance"
tt0045458	tvSeries	You Are There	You Are There	0	1953	1971	30	"Drama,History"
tt0048545	movie	Rebel Without a Cause	Rebel Without a Cause	0	1955	\N	111	Drama
tt0049261	movie	Giant	Giant	0	1956	\N	201	"Drama,Western"
tt0096320	movie	Twins	Twins	0	1988	\N	107	"Comedy,Crime"
tt0091763	movie	Platoon	Platoon	0	1986	\N	120	"Drama,War"
tt0079477	movie	A Little Romance	A Little Romance	0	1979	\N	110	"Adventure,Comedy,Romance"
tt0069946	movie	The Day of the Dolphin	The Day of the Dolphin	0	1973	\N	104	"Drama,Sci-Fi,Thriller"
tt0055031	movie	Judgment at Nuremberg	Judgment at Nuremberg	0	1961	\N	186	"Drama,War"
tt0051201	movie	Witness for the Prosecution	Witness for the Prosecution	0	1957	\N	116	"Crime,Drama,Mystery"
tt0040367	movie	A Foreign Affair	A Foreign Affair	0	1948	\N	116	"Comedy,Drama,Romance"
tt0052311	movie	Touch of Evil	Touch of Evil	0	1958	\N	95	"Crime,Drama,Film-Noir"
tt0052365	movie	The Vikings	The Vikings	0	1958	\N	116	"Action,Adventure"
tt0056195	movie	Lonely Are the Brave	Lonely Are the Brave	0	1962	\N	107	"Drama,Western"
tt0054331	movie	Spartacus	Spartacus	0	1960	\N	197	"Adventure,Biography,Drama"
tt0049456	movie	Lust for Life	Lust for Life	0	1956	\N	122	"Biography,Drama"
tt0071129	movie	Amarcord	Amarcord	0	1973	\N	123	"Comedy,Drama"
tt0056801	movie	8½	8½	0	1963	\N	138	Drama
tt0047528	movie	La Strada	La strada	0	1954	\N	108	Drama
tt0053779	movie	La Dolce Vita	La dolce vita	0	1960	\N	174	"Comedy,Drama"
tt0082846	movie	On Golden Pond	On Golden Pond	0	1981	\N	109	Drama
tt0032551	movie	The Grapes of Wrath	The Grapes of Wrath	0	1940	\N	129	"Drama,History"
tt0050083	movie	12 Angry Men	12 Angry Men	0	1957	\N	96	"Crime,Drama"
tt0064116	movie	Once Upon a Time in the West	C'era una volta il West	0	1968	\N	164	Western
tt0036969	movie	Jane Eyre	Jane Eyre	0	1943	\N	97	"Drama,Romance"
tt0039504	movie	Ivy	Ivy	0	1947	\N	99	"Crime,Drama,Film-Noir"
tt0032976	movie	Rebecca	Rebecca	0	1940	\N	130	"Drama,Mystery,Romance"
tt0034248	movie	Suspicion	Suspicion	0	1941	\N	99	"Mystery,Thriller"
tt0025316	movie	It Happened One Night	It Happened One Night	0	1934	\N	105	"Comedy,Romance"
tt0026752	movie	Mutiny on the Bounty	Mutiny on the Bounty	0	1935	\N	132	"Adventure,Biography,Drama"
tt0052278	movie	Teacher's Pet	Teacher's Pet	0	1958	\N	120	"Comedy,Romance"
tt0047522	movie	A Star Is Born	A Star Is Born	0	1954	\N	154	"Drama,Musical,Romance"
tt0032138	movie	The Wizard of Oz	The Wizard of Oz	0	1939	\N	102	"Adventure,Family,Fantasy"
tt0082031	movie	Arthur	Arthur	0	1981	\N	97	"Comedy,Romance"
tt0076574	movie	Providence	Providence	0	1977	\N	110	Drama
tt0045943	movie	Julius Caesar	Julius Caesar	0	1953	\N	120	"Biography,Drama,History"
tt0112715	movie	Congo	Congo	0	1995	\N	109	"Action,Adventure,Mystery"
tt0117731	movie	Star Trek: First Contact	Star Trek: First Contact	0	1996	\N	111	"Action,Adventure,Drama"
tt0119488	movie	L.A. Confidential	L.A. Confidential	0	1997	\N	138	"Crime,Drama,Mystery"
tt0100802	movie	Total Recall	Total Recall	0	1990	\N	113	"Action,Sci-Fi,Thriller"
tt0053125	movie	North by Northwest	North by Northwest	0	1959	\N	136	"Adventure,Mystery,Thriller"
tt0048728	movie	To Catch a Thief	To Catch a Thief	0	1955	\N	106	"Mystery,Romance,Thriller"
tt0056923	movie	Charade	Charade	0	1963	\N	113	"Comedy,Mystery,Romance"
tt0036613	movie	Arsenic and Old Lace	Arsenic and Old Lace	0	1944	\N	118	"Comedy,Crime,Thriller"
tt0051739	movie	The Horse's Mouth	The Horse's Mouth	0	1958	\N	97	Comedy
tt0076759	movie	Star Wars: Episode IV - A New Hope	Star Wars	0	1977	\N	121	"Action,Adventure,Fantasy"
tt0041546	movie	Kind Hearts and Coronets	Kind Hearts and Coronets	0	1949	\N	106	"Comedy,Crime"
tt0050212	movie	The Bridge on the River Kwai	The Bridge on the River Kwai	0	1957	\N	161	"Adventure,Drama,War"
tt0036723	movie	Cover Girl	Cover Girl	0	1944	\N	107	"Comedy,Musical,Romance"
tt0038559	movie	Gilda	Gilda	0	1946	\N	110	"Drama,Film-Noir,Romance"
tt0040552	movie	The Loves of Carmen	The Loves of Carmen	0	1948	\N	99	"Adventure,Drama,Music"
tt0040525	movie	The Lady from Shanghai	The Lady from Shanghai	0	1947	\N	87	"Crime,Drama,Film-Noir"
tt0074802	movie	Lipstick	Lipstick	0	1976	\N	89	"Crime,Drama,Thriller"
tt0110138	movie	Inner Sanctum II	Inner Sanctum II	0	1994	\N	82	"Drama,Horror,Romance"
tt0102122	movie	Inner Sanctum	Inner Sanctum	0	1991	\N	90	"Drama,Thriller"
tt0058385	movie	My Fair Lady	My Fair Lady	0	1964	\N	170	"Drama,Family,Musical"
tt0046250	movie	Roman Holiday	Roman Holiday	0	1953	\N	118	"Comedy,Romance"
tt0032904	movie	The Philadelphia Story	The Philadelphia Story	0	1940	\N	112	"Comedy,Romance"
tt0061735	movie	Guess Who's Coming to Dinner	Guess Who's Coming to Dinner	0	1967	\N	108	"Comedy,Drama"
tt0063227	movie	The Lion in Winter	The Lion in Winter	0	1968	\N	134	"Biography,Drama,History"
tt0049833	movie	The Ten Commandments	The Ten Commandments	0	1956	\N	220	"Adventure,Drama"
tt0063442	movie	Planet of the Apes	Planet of the Apes	0	1968	\N	112	"Adventure,Sci-Fi"
tt0070723	movie	Soylent Green	Soylent Green	0	1973	\N	97	"Crime,Mystery,Sci-Fi"
tt0052618	movie	Ben-Hur	Ben-Hur	0	1959	\N	212	"Adventure,Drama,History"
tt0054215	movie	Psycho	Psycho	0	1960	\N	109	"Horror,Mystery,Thriller"
tt0052357	movie	Vertigo	Vertigo	0	1958	\N	128	"Mystery,Romance,Thriller"
tt0030341	movie	The Lady Vanishes	The Lady Vanishes	0	1938	\N	96	"Mystery,Thriller"
tt0046359	movie	Stalag 17	Stalag 17	0	1953	\N	120	"Comedy,Drama,War"
tt0074958	movie	Network	Network	0	1976	\N	121	Drama
tt0065214	movie	The Wild Bunch	The Wild Bunch	0	1969	\N	135	"Action,Adventure,Western"
tt0499549	movie	Avatar	Avatar	0	2009	\N	162	"Action,Adventure,Fantasy"
tt0120746	movie	The Mask of Zorro	The Mask of Zorro	0	1998	\N	136	"Action,Adventure,Comedy"
tt0120338	movie	Titanic	Titanic	0	1997	\N	194	"Drama,Romance"
tt0120647	movie	Deep Impact	Deep Impact	0	1998	\N	120	"Action,Drama,Romance"
tt0015324	movie	Sherlock Jr.	Sherlock Jr.	0	1924	\N	45	"Action,Comedy,Romance"
tt0016332	movie	Seven Chances	Seven Chances	0	1925	\N	56	"Comedy,Romance"
tt0017925	movie	The General	The General	0	1926	\N	67	"Action,Adventure,Comedy"
tt0015863	movie	Go West	Go West	0	1925	\N	68	"Comedy,Western"
tt0043278	movie	An American in Paris	An American in Paris	0	1951	\N	114	"Drama,Musical,Romance"
tt0045152	movie	Singin' in the Rain	Singin' in the Rain	0	1952	\N	103	"Comedy,Musical,Romance"
tt0041944	movie	Take Me Out to the Ball Game	Take Me Out to the Ball Game	0	1949	\N	93	"Comedy,Musical,Romance"
tt0041716	movie	On the Town	On the Town	0	1949	\N	98	"Comedy,Musical,Romance"
tt0046874	movie	The Country Girl	The Country Girl	0	1954	\N	104	"Drama,Music"
tt0046912	movie	Dial M for Murder	Dial M for Murder	0	1954	\N	105	"Crime,Thriller"
tt0050490	movie	"Heaven Knows, Mr. Allison"	"Heaven Knows, Mr. Allison"	0	1957	\N	108	"Action,Adventure,Drama"
tt0039192	movie	Black Narcissus	Black Narcissus	0	1947	\N	101	Drama
tt0049408	movie	The King and I	The King and I	0	1956	\N	133	"Biography,Drama,Musical"
tt0066921	movie	A Clockwork Orange	A Clockwork Orange	0	1971	\N	136	"Crime,Drama,Sci-Fi"
tt0062622	movie	2001: A Space Odyssey	2001: A Space Odyssey	0	1968	\N	149	"Adventure,Sci-Fi"
tt0072684	movie	Barry Lyndon	Barry Lyndon	0	1975	\N	185	"Adventure,Drama,History"
tt0093058	movie	Full Metal Jacket	Full Metal Jacket	0	1987	\N	116	"Drama,War"
tt0051808	movie	The Hidden Fortress	Kakushi-toride no san-akunin	0	1958	\N	139	"Adventure,Drama"
tt0047478	movie	Seven Samurai	Shichinin no samurai	0	1954	\N	207	"Adventure,Drama"
tt0080979	movie	Kagemusha	Kagemusha	0	1980	\N	180	"Drama,History,War"
tt0089881	movie	Ran	Ran	0	1985	\N	162	"Action,Drama"
tt0035432	movie	This Gun for Hire	This Gun for Hire	0	1942	\N	81	"Crime,Drama,Film-Noir"
tt0046303	movie	Shane	Shane	0	1953	\N	118	"Drama,Western"
tt0043292	movie	Appointment with Danger	Appointment with Danger	0	1950	\N	90	"Crime,Drama,Film-Noir"
tt0038369	movie	The Blue Dahlia	The Blue Dahlia	0	1946	\N	96	"Crime,Film-Noir,Mystery"
tt0034240	movie	Sullivan's Travels	Sullivan's Travels	0	1941	\N	90	"Adventure,Comedy,Drama"
tt0034881	movie	I Married a Witch	I Married a Witch	0	1942	\N	77	"Comedy,Fantasy,Romance"
tt0053793	movie	Elmer Gantry	Elmer Gantry	0	1960	\N	146	Drama
tt0059825	movie	The Train	The Train	0	1964	\N	133	"Thriller,War"
tt0045793	movie	From Here to Eternity	From Here to Eternity	0	1953	\N	118	"Drama,Romance,War"
tt0050468	movie	Gunfight at the O.K. Corral	Gunfight at the O.K. Corral	0	1957	\N	122	"Biography,Drama,Western"
tt0068767	movie	The Chinese Connection	Jing wu men	0	1972	\N	106	"Action,Drama,Romance"
tt0068935	movie	The Way of the Dragon	Meng long guo jiang	0	1972	\N	100	"Action,Adventure,Crime"
tt0077594	movie	Game of Death	Game of Death	0	1978	\N	100	"Action,Crime,Drama"
tt0070034	movie	Enter the Dragon	Enter the Dragon	0	1973	\N	102	"Action,Crime,Drama"
tt0034272	movie	That Hamilton Woman	That Hamilton Woman	0	1941	\N	128	"Drama,History,Romance"
tt0044081	movie	A Streetcar Named Desire	A Streetcar Named Desire	0	1951	\N	122	Drama
tt0033238	movie	Waterloo Bridge	Waterloo Bridge	0	1940	\N	108	"Drama,Romance,War"
tt0076085	movie	A Special Day	Una giornata particolare	0	1977	\N	106	Drama
tt0058335	movie	Marriage Italian Style	Matrimonio all'italiana	0	1964	\N	102	"Comedy,Drama,Romance"
tt0060121	movie	Arabesque	Arabesque	0	1966	\N	105	"Action,Adventure,Crime"
tt0022100	movie	M	M - Eine Stadt sucht einen Mörder	0	1931	\N	117	"Crime,Drama,Mystery"
tt0057413	movie	The Pink Panther	The Pink Panther	0	1963	\N	115	"Comedy,Crime,Romance"
tt0085101	tvMiniSeries	The Thorn Birds	The Thorn Birds	0	1983	1983	460	Drama
tt0054698	movie	Breakfast at Tiffany's	Breakfast at Tiffany's	0	1961	\N	115	"Comedy,Drama,Romance"
tt0383216	movie	The Pink Panther	The Pink Panther	0	2006	\N	93	"Adventure,Comedy,Crime"
tt0022158	movie	Monkey Business	Monkey Business	0	1931	\N	77	"Comedy,Musical"
tt0023969	movie	Duck Soup	Duck Soup	0	1933	\N	68	"Comedy,Musical,War"
tt0032536	movie	Go West	Go West	0	1940	\N	80	"Comedy,Musical,Western"
tt0026778	movie	A Night at the Opera	A Night at the Opera	0	1935	\N	96	"Comedy,Music,Musical"
tt0084855	movie	The Verdict	The Verdict	0	1982	\N	129	Drama
tt0056193	movie	Lolita	Lolita	0	1962	\N	153	"Crime,Drama,Romance"
tt0055913	movie	Divorce Italian Style	Divorzio all'italiana	0	1961	\N	105	"Comedy,Drama,Romance"
tt0057171	movie	"Yesterday, Today and Tomorrow"	Ieri oggi domani	0	1963	\N	118	"Comedy,Romance"
tt0048424	movie	The Night of the Hunter	The Night of the Hunter	0	1955	\N	92	"Crime,Drama,Film-Noir"
tt0039689	movie	Out of the Past	Out of the Past	0	1947	\N	97	"Crime,Drama,Film-Noir"
tt0056197	movie	The Longest Day	The Longest Day	0	1962	\N	178	"Action,Drama,History"
tt0048605	movie	The Seven Year Itch	The Seven Year Itch	0	1955	\N	105	"Comedy,Romance"
tt0045810	movie	Gentlemen Prefer Blondes	Gentlemen Prefer Blondes	0	1953	\N	91	"Comedy,Musical,Romance"
tt0050861	movie	The Prince and the Showgirl	The Prince and the Showgirl	0	1957	\N	115	"Comedy,Romance"
tt0053291	movie	Some Like It Hot	Some Like It Hot	0	1959	\N	121	"Comedy,Romance"
tt0056085	movie	How the West Was Won	How the West Was Won	0	1962	\N	164	Western
tt0434409	movie	V for Vendetta	V for Vendetta	0	2005	\N	132	"Action,Drama,Sci-Fi"
tt0029852	movie	Alexander's Ragtime Band	Alexander's Ragtime Band	0	1938	\N	106	"Drama,Musical,Romance"
tt0061512	movie	Cool Hand Luke	Cool Hand Luke	0	1967	\N	126	"Crime,Drama"
tt0257044	movie	Road to Perdition	Road to Perdition	0	2002	\N	117	"Crime,Drama,Thriller"
tt0090863	movie	The Color of Money	The Color of Money	0	1986	\N	119	"Drama,Sport"
tt0054997	movie	The Hustler	The Hustler	0	1961	\N	134	"Drama,Sport"
tt0074937	movie	Murder by Death	Murder by Death	0	1976	\N	94	"Comedy,Crime,Mystery"
tt0052182	movie	Separate Tables	Separate Tables	0	1958	\N	100	"Drama,Romance"
tt0061452	movie	Casino Royale	Casino Royale	0	1967	\N	131	Comedy
tt0039628	movie	Miracle on 34th Street	Miracle on 34th Street	0	1947	\N	96	"Comedy,Drama,Family"
tt0055277	movie	The Parent Trap	The Parent Trap	0	1961	\N	129	"Comedy,Family,Romance"
tt0041149	movie	Bagdad	Bagdad	0	1949	\N	82	"Action,Adventure,Fantasy"
tt0040416	movie	Hamlet	Hamlet	0	1948	\N	154	Drama
tt0069281	movie	Sleuth	Sleuth	0	1972	\N	138	"Mystery,Thriller"
tt0056592	movie	To Kill a Mockingbird	To Kill a Mockingbird	0	1962	\N	129	"Crime,Drama"
tt0054953	movie	The Guns of Navarone	The Guns of Navarone	0	1961	\N	158	"Action,Adventure,Drama"
tt0039416	movie	Gentleman's Agreement	Gentleman's Agreement	0	1947	\N	118	"Drama,Romance"
tt0038873	movie	The Razor's Edge	The Razor's Edge	0	1946	\N	145	"Drama,Romance"
tt0043959	movie	Rawhide	Rawhide	0	1951	\N	89	"Drama,Romance,Western"
tt0032762	movie	The Mark of Zorro	The Mark of Zorro	0	1940	\N	94	"Action,Adventure,Romance"
tt0056023	movie	Girls! Girls! Girls!	Girls! Girls! Girls!	0	1962	\N	106	"Comedy,Musical"
tt0054692	movie	Blue Hawaii	Blue Hawaii	0	1961	\N	102	"Comedy,Musical"
tt0056585	movie	Tickle Me	Tickle Me	0	1965	\N	90	"Comedy,Musical,Romance"
tt0053848	movie	G.I. Blues	G.I. Blues	0	1960	\N	104	"Comedy,Musical"
tt0057831	movie	Zorba the Greek	Alexis Zorbas	0	1964	\N	142	"Comedy,Drama"
tt0063599	movie	The Shoes of the Fisherman	The Shoes of the Fisherman	0	1968	\N	162	Drama
tt0056172	movie	Lawrence of Arabia	Lawrence of Arabia	0	1962	\N	216	"Adventure,Biography,Drama"
tt0021079	movie	Little Caesar	Little Caesar	0	1931	\N	79	"Action,Crime,Drama"
tt0036775	movie	Double Indemnity	Double Indemnity	0	1944	\N	107	"Crime,Drama,Film-Noir"
tt0040506	movie	Key Largo	Key Largo	0	1948	\N	100	"Action,Crime,Drama"
tt0063518	movie	Romeo and Juliet	Romeo and Juliet	0	1968	\N	138	"Drama,Romance"
tt0071562	movie	The Godfather: Part II	The Godfather: Part II	0	1974	\N	202	"Crime,Drama"
tt0044863	movie	Macao	Macao	0	1952	\N	81	"Adventure,Crime,Drama"
tt0045177	movie	Son of Paleface	Son of Paleface	0	1952	\N	95	"Comedy,Romance,Western"
tt0043643	movie	His Kind of Woman	His Kind of Woman	0	1951	\N	120	"Action,Crime,Film-Noir"
tt0054847	movie	El Cid	El Cid	0	1961	\N	182	"Adventure,Biography,Drama"
tt0051047	movie	The Tall T	The Tall T	0	1957	\N	78	"Romance,Thriller,Western"
tt0049743	movie	7 Men from Now	7 Men from Now	0	1956	\N	78	"Action,Western"
tt0029284	movie	My Favorite Wife	My Favorite Wife	0	1940	\N	88	"Comedy,Romance"
tt0026942	movie	Roberta	Roberta	0	1935	\N	106	"Comedy,Musical,Romance"
tt0052218	movie	Some Came Running	Some Came Running	0	1958	\N	137	"Drama,Romance"
tt0056218	movie	The Manchurian Candidate	The Manchurian Candidate	0	1962	\N	126	"Drama,Thriller"
tt0050815	movie	Pal Joey	Pal Joey	0	1957	\N	111	"Drama,Musical,Romance"
tt0040897	movie	The Treasure of the Sierra Madre	The Treasure of the Sierra Madre	0	1948	\N	126	"Adventure,Drama,Western"
tt0052561	movie	Anatomy of a Murder	Anatomy of a Murder	0	1959	\N	160	"Crime,Drama,Mystery"
tt0031679	movie	Mr. Smith Goes to Washington	Mr. Smith Goes to Washington	0	1939	\N	129	"Comedy,Drama"
tt0061407	movie	The Taming of the Shrew	The Taming of the Shrew	0	1967	\N	122	"Comedy,Drama,Romance"
tt0053318	movie	"Suddenly, Last Summer"	"Suddenly, Last Summer"	0	1959	\N	114	"Drama,Mystery,Thriller"
tt0051459	movie	Cat on a Hot Tin Roof	Cat on a Hot Tin Roof	0	1958	\N	108	Drama
tt0040369	movie	Fort Apache	Fort Apache	0	1948	\N	128	"Action,Adventure,Western"
tt0031580	movie	The Little Princess	The Little Princess	0	1939	\N	93	"Comedy,Drama,Family"
tt0028315	movie	Stowaway	Stowaway	0	1936	\N	87	"Adventure,Family,Musical"
tt0027421	movie	Captain January	Captain January	0	1936	\N	77	"Comedy,Family,Musical"
tt0037865	movie	Leave Her to Heaven	Leave Her to Heaven	0	1945	\N	110	"Drama,Film-Noir,Romance"
tt0037008	movie	Laura	Laura	0	1944	\N	88	"Drama,Film-Noir,Mystery"
tt0038492	movie	Dragonwyck	Dragonwyck	0	1946	\N	103	"Drama,Mystery,Romance"
tt0053946	movie	Inherit the Wind	Inherit the Wind	0	1960	\N	128	"Biography,Drama,History"
tt0075860	movie	Close Encounters of the Third Kind	Close Encounters of the Third Kind	0	1977	\N	138	"Drama,Sci-Fi"
tt0070460	movie	Day for Night	La nuit américaine	0	1973	\N	115	"Comedy,Drama,Romance"
tt0055032	movie	Jules and Jim	Jules et Jim	0	1962	\N	105	"Drama,Romance"
tt0053198	movie	The 400 Blows	Les quatre cents coups	0	1959	\N	99	"Crime,Drama"
tt0043924	movie	A Place in the Sun	A Place in the Sun	0	1951	\N	122	"Drama,Romance"
tt0043014	movie	Sunset Boulevard	Sunset Blvd.	0	1950	\N	110	"Drama,Film-Noir"
tt0057298	movie	McLintock!	McLintock!	0	1963	\N	127	"Comedy,Romance,Western"
tt0056217	movie	The Man Who Shot Liberty Valance	The Man Who Shot Liberty Valance	0	1962	\N	123	"Drama,Western"
tt0065126	movie	True Grit	True Grit	0	1969	\N	128	"Adventure,Drama,Western"
tt0053580	movie	The Alamo	The Alamo	0	1960	\N	162	"Adventure,Drama,History"
tt0072281	movie	The Three Musketeers	The Three Musketeers	0	1973	\N	106	"Action,Adventure"
tt0060397	movie	Fantastic Voyage	Fantastic Voyage	0	1966	\N	100	"Adventure,Family,Sci-Fi"
tt0070291	movie	The Last of Sheila	The Last of Sheila	0	1973	\N	120	"Crime,Drama,Mystery"
tt0068675	movie	Hannie Caulder	Hannie Caulder	0	1971	\N	85	"Crime,Drama,Western"
tt0059012	movie	Chimes at Midnight	Campanadas a medianoche	0	1965	\N	113	"Comedy,Drama,History"
tt0057427	movie	The Trial	Le procès	0	1962	\N	119	"Drama,Mystery,Thriller"
tt0033467	movie	Citizen Kane	Citizen Kane	0	1941	\N	119	"Drama,Mystery"
tt0055471	movie	Splendor in the Grass	Splendor in the Grass	0	1961	\N	124	"Drama,Romance"
tt0055614	movie	West Side Story	West Side Story	0	1961	\N	153	"Crime,Drama,Musical"
tt0057263	movie	Love with the Proper Stranger	Love with the Proper Stranger	0	1963	\N	102	"Comedy,Drama,Romance"
tt0045061	movie	The Quiet Man	The Quiet Man	0	1952	\N	129	"Comedy,Drama,Romance"
tt0045061	movie	The Quiet Man	The Quiet Man	0	1952	\N	129	"Comedy,Drama,Romance"
tt0119094	movie	Face/Off	Face/Off	0	1997	\N	138	"Action,Crime,Sci-Fi"
tt0048960	movie	Around the World in 80 Days	Around the World in 80 Days	0	1956	\N	175	"Adventure,Comedy,Family"
tt0048960	movie	Around the World in 80 Days	Around the World in 80 Days	0	1956	\N	175	"Adventure,Comedy,Family"
tt0969216	movie	African Bambi	African Bambi	0	2007	\N	77	"Documentary,Family"
tt0969216	movie	African Bambi	African Bambi	0	2007	\N	77	"Documentary,Family"
tt0424773	movie	Addo: The King of the Beasts	"Addo, koning der dieren"	0	2002	\N	77	Documentary
tt0473444	movie	Curse of the Golden Flower	Man cheng jin dai huang jin jia	0	2006	\N	111	"Action,Drama,Romance"
tt0430357	movie	Miami Vice	Miami Vice	0	2006	\N	134	"Action,Crime,Thriller"
tt0097523	movie	"Honey, I Shrunk the Kids"	"Honey, I Shrunk the Kids"	0	1989	\N	93	"Adventure,Comedy,Family"
tt0097523	movie	"Honey, I Shrunk the Kids"	"Honey, I Shrunk the Kids"	0	1989	\N	93	"Adventure,Comedy,Family"
tt0097738	movie	The Legend of the Mask	La leyenda de una máscara	0	1991	\N	95	"Action,Crime,Drama"
tt0113482	movie	Jonah and the Pink Whale	Jonás y la ballena rosada	0	1995	\N	92	Drama
tt0069747	movie	The Mad Adventures of 'Rabbi' Jacob	Les aventures de Rabbi Jacob	0	1973	\N	100	"Adventure,Comedy,Crime"
tt0083109	movie	The Cabbage Soup	La soupe aux choux	0	1981	\N	98	"Comedy,Sci-Fi"
tt0074103	movie	The Wing or The Thigh?	L'aile ou la cuisse	0	1976	\N	104	"Comedy,Family"
tt0079200	movie	The Troops & Aliens	Le gendarme et les extra-terrestres	0	1979	\N	96	"Comedy,Crime,Sci-Fi"
tt0080912	movie	Idealnyy muzh	Idealnyy muzh	0	1981	\N	93	Comedy
tt0080912	movie	Idealnyy muzh	Idealnyy muzh	0	1981	\N	93	Comedy
tt0122969	movie	Asya	Asya	0	1978	\N	98	Drama
tt0100069	movie	Lovushka dlya odinokogo muzhchiny	Lovushka dlya odinokogo muzhchiny	0	1990	\N	92	"Comedy,Crime"
tt0068304	tvMiniSeries	The Long Recess	Bolshaya peremena	0	1972	1972	268	"Comedy,Romance"
tt0049397	movie	Carnival in Moscow	Karnavalnaya noch	0	1956	\N	78	"Comedy,Musical,Romance"
tt0191104	movie	Dura	Dura	0	1990	\N	\N	"Comedy,Drama"
tt0075489	tvSeries	Carter Country	Carter Country	0	1977	1979	30	Comedy
tt0088529	tvSeries	Hail to the Chief	Hail to the Chief	0	1985	\N	30	Comedy
tt0963178	movie	The International	The International	0	2009	\N	118	"Action,Crime,Drama"
tt0117631	movie	Shine	Shine	0	1996	\N	105	"Biography,Drama,Music"
tt0139809	movie	The Thirteenth Floor	The Thirteenth Floor	0	1999	\N	100	"Mystery,Sci-Fi,Thriller"
tt0765443	movie	Eastern Promises	Eastern Promises	0	2007	\N	100	"Crime,Drama,Mystery"
tt0064297	movie	Erotissimo	Erotissimo	0	1969	\N	100	Comedy
tt0152930	movie	Taxi	Taxi	0	1998	\N	86	"Action,Comedy,Crime"
tt0282552	movie	Riders	Riders	0	2002	\N	83	"Action,Crime,Thriller"
tt0421974	movie	Sky Fighters	Les chevaliers du ciel	0	2005	\N	102	"Action,Adventure"
tt0085959	movie	The Meaning of Life	The Meaning of Life	0	1983	\N	107	"Comedy,Musical"
tt0071853	movie	Monty Python and the Holy Grail	Monty Python and the Holy Grail	0	1975	\N	91	"Adventure,Comedy,Fantasy"
tt0063929	tvSeries	Monty Python's Flying Circus	Monty Python's Flying Circus	0	1969	1974	30	Comedy
tt0095159	movie	A Fish Called Wanda	A Fish Called Wanda	0	1988	\N	108	"Comedy,Crime"
tt0095159	movie	A Fish Called Wanda	A Fish Called Wanda	0	1988	\N	108	"Comedy,Crime"
tt0421715	movie	The Curious Case of Benjamin Button	The Curious Case of Benjamin Button	0	2008	\N	166	"Drama,Fantasy,Romance"
tt0114746	movie	Twelve Monkeys	Twelve Monkeys	0	1995	\N	129	"Mystery,Sci-Fi,Thriller"
tt0356910	movie	Mr. & Mrs. Smith	Mr. & Mrs. Smith	0	2005	\N	120	"Action,Comedy,Crime"
tt0118886	movie	Convict 762	Convict 762	0	1997	\N	97	"Action,Sci-Fi,Thriller"
tt0116030	movie	Dark Planet	Dark Planet	0	1997	\N	99	Sci-Fi
tt0116242	movie	Everyone Says I Love You	Everyone Says I Love You	0	1996	\N	101	"Comedy,Musical,Romance"
tt0079522	movie	Manhattan	Manhattan	0	1979	\N	96	"Comedy,Drama,Romance"
tt0075686	movie	Annie Hall	Annie Hall	0	1977	\N	93	"Comedy,Romance"
tt0097123	movie	Crimes and Misdemeanors	Crimes and Misdemeanors	0	1989	\N	104	"Comedy,Drama"
tt0442632	tvMiniSeries	Bleak House	Bleak House	0	2005	2005	510	Drama
tt0106179	tvSeries	The X-Files	The X Files	0	1993	\N	45	"Drama,Mystery,Sci-Fi"
tt0455590	movie	The Last King of Scotland	The Last King of Scotland	0	2006	\N	123	"Biography,Drama,History"
tt0455590	movie	The Last King of Scotland	The Last King of Scotland	0	2006	\N	123	"Biography,Drama,History"
tt0306047	movie	Scary Movie 3	Scary Movie 3	0	2003	\N	84	Comedy
tt0115624	movie	Barb Wire	Barb Wire	0	1996	\N	98	"Action,Sci-Fi"
tt0267913	movie	Scooby-Doo	Scooby-Doo	0	2002	\N	86	"Adventure,Comedy,Family"
tt0426592	movie	Superhero Movie	Superhero Movie	0	2008	\N	75	"Action,Comedy"
tt0426592	movie	Superhero Movie	Superhero Movie	0	2008	\N	75	"Action,Comedy"
tt0108778	tvSeries	Friends	Friends	0	1994	2004	22	"Comedy,Romance"
tt0108778	tvSeries	Friends	Friends	0	1994	2004	22	"Comedy,Romance"
tt0108778	tvSeries	Friends	Friends	0	1994	2004	22	"Comedy,Romance"
tt0108399	movie	True Romance	True Romance	0	1993	\N	119	"Crime,Drama,Romance"
tt0145531	movie	Stigmata	Stigmata	0	1999	\N	103	Horror
tt0412175	tvSeries	Medium	Medium	0	2005	2011	60	"Crime,Drama,Fantasy"
tt0412175	tvSeries	Medium	Medium	0	2005	2011	60	"Crime,Drama,Fantasy"
tt0274166	movie	Johnny English	Johnny English	0	2003	\N	88	"Action,Adventure,Comedy"
tt0118689	movie	Bean	Bean	0	1997	\N	89	"Adventure,Comedy,Family"
tt0109831	movie	Four Weddings and a Funeral	Four Weddings and a Funeral	0	1994	\N	117	"Comedy,Drama,Romance"
tt0110357	movie	The Lion King	The Lion King	0	1994	\N	88	"Adventure,Animation,Drama"
